EmployeeID,Name,DepartmentID,PositionID,Birthdate,HireDate,Email
0,Jeremy,0,1,1964-07-31,2022-04-24,jzimmerman@example.org
1,Brandon,2,0,1980-02-08,2020-03-03,hamiltontracy@example.org
2,John,2,3,1957-03-22,2015-10-30,gluna@example.net
3,Karen,0,4,1987-06-18,2018-09-11,christopherboyle@example.com
4,David,5,3,1977-10-05,2017-12-17,dudleyrobert@example.net
5,Chad,1,2,1965-11-23,2022-01-11,guzmantammy@example.org
6,Marvin,0,1,1969-05-30,2015-08-09,davilakimberly@example.org
7,Theresa,1,3,1973-12-20,2020-04-10,spencerkimberly@example.com
8,Mary,2,0,1972-11-30,2016-01-17,micheleford@example.net
9,Martin,5,1,1988-03-30,2014-06-04,lowecory@example.org
10,Renee,6,0,1995-05-18,2023-06-30,gregoryhayes@example.com
11,Brian,1,4,1993-05-31,2020-03-07,dtaylor@example.net
12,William,1,4,1973-04-15,2013-11-22,bridgesjoann@example.com
13,Tyrone,6,1,1982-01-27,2023-03-31,derek81@example.net
14,Rachel,1,1,1992-02-25,2019-10-15,millerbrian@example.com
15,Jonathan,0,2,1981-09-25,2017-01-23,ballariana@example.net
16,Barry,6,0,1965-06-13,2017-02-02,elizabeth68@example.net
17,Laura,1,3,1990-12-24,2014-02-05,victor64@example.org
18,Jacob,4,4,2002-05-01,2019-10-28,anthonyyoung@example.net
19,Gina,5,0,2005-05-14,2015-08-13,perkinselijah@example.net
20,Vernon,0,0,1995-05-03,2018-04-04,emily78@example.com
21,Thomas,4,0,1971-03-12,2021-04-06,sullivankevin@example.com
22,Robert,4,3,1991-04-10,2021-11-28,deannaleach@example.com
23,Jessica,4,3,1958-05-24,2016-07-15,oclark@example.net
24,Calvin,3,3,1994-03-25,2019-10-24,walkerjoseph@example.org
25,Travis,6,1,1970-12-26,2013-11-12,katie05@example.org
26,Ashlee,6,2,1955-02-12,2015-08-23,rebecca09@example.org
27,Holly,4,3,1953-04-04,2022-06-09,parsonstony@example.com
28,Laurie,6,1,1966-03-25,2021-07-13,amandapayne@example.net
29,William,0,3,1994-02-10,2019-02-25,shelby94@example.net
30,Cathy,1,2,1995-02-16,2022-05-19,valerie07@example.org
31,Carrie,0,3,1994-01-19,2023-08-14,simondaniel@example.net
32,Ashley,4,1,1987-05-21,2016-04-16,sherri58@example.net
33,David,1,2,1981-05-22,2018-03-27,phall@example.net
34,Jackson,1,0,1954-12-20,2015-07-13,bradpotts@example.org
35,Sarah,6,0,1976-11-13,2017-03-23,pgaines@example.net
36,James,4,3,1980-12-17,2018-12-03,leslie44@example.org
37,Traci,0,0,1988-05-08,2017-03-12,jeremy75@example.com
38,Carol,0,4,1955-09-23,2018-03-14,jharrington@example.net
39,Carl,5,3,1975-09-10,2019-11-20,dmorgan@example.org
40,Andrea,4,3,1968-10-24,2019-06-26,lvaughn@example.org
41,Thomas,6,4,1985-07-11,2021-05-24,karencastaneda@example.net
42,Scott,4,1,1964-12-15,2022-08-03,eric23@example.com
43,Jennifer,0,1,2004-12-11,2018-08-20,gregorycastro@example.org
44,Albert,6,3,1993-07-08,2021-02-07,tlee@example.net
45,Andrew,5,0,1984-02-06,2016-06-27,justindixon@example.org
46,Pamela,4,3,1970-12-26,2021-02-22,tylerrodriguez@example.com
47,Aaron,2,4,1985-11-09,2017-04-06,yduncan@example.com
48,Tiffany,1,2,1957-07-03,2023-07-01,tashamyers@example.net
49,Jennifer,3,4,1977-05-17,2016-12-03,robertflowers@example.net
50,Aaron,6,1,1972-12-26,2017-05-10,dvilla@example.net
51,Richard,5,1,1965-01-07,2017-09-01,patriciabenson@example.com
52,Mary,2,0,1970-10-22,2019-02-07,susan88@example.com
53,Matthew,1,3,1960-05-18,2018-04-09,samuelnielsen@example.net
54,Melanie,1,4,1969-11-28,2017-09-20,scott51@example.com
55,Allison,6,0,1979-07-21,2020-01-12,justingomez@example.org
56,Julian,0,0,1984-11-01,2014-07-26,ibaker@example.org
57,Robert,6,2,1999-03-22,2013-12-19,hallkelly@example.net
58,Mandy,4,0,1958-06-08,2021-08-19,patrickarnold@example.com
59,Jacob,6,3,1970-01-19,2017-02-12,kevin88@example.org
60,Amy,6,2,1956-09-13,2018-10-16,gibbscurtis@example.org
61,Mary,5,0,1986-02-10,2017-03-19,harperjoe@example.net
62,Michael,2,3,1956-01-19,2015-12-14,katherine25@example.net
63,James,3,1,1966-07-30,2020-07-21,lsanford@example.org
64,Rhonda,2,3,1985-01-05,2018-06-21,mayandrea@example.com
65,Robyn,3,1,1991-05-09,2019-11-13,jessica93@example.com
66,Katrina,1,2,1964-06-25,2013-12-25,gregory61@example.org
67,Amanda,2,2,1966-07-25,2017-08-02,itaylor@example.net
68,Pamela,4,0,1996-11-07,2020-05-21,watsonaustin@example.net
69,Jennifer,5,3,1987-11-23,2017-01-15,tjohnson@example.net
70,Shelia,4,4,1959-02-08,2020-09-29,cathybrown@example.org
71,Robert,2,4,1979-04-17,2022-05-13,icarter@example.org
72,Kurt,0,4,1962-09-20,2015-07-15,pmcdonald@example.net
73,Kelly,5,3,1993-07-09,2023-08-27,rfox@example.org
74,Cindy,5,0,1968-03-28,2014-07-01,xgreen@example.org
75,Patrick,3,2,1968-01-31,2023-05-09,valerie61@example.org
76,Cynthia,4,4,1981-02-21,2017-02-10,kimberlycarr@example.com
77,Erica,2,2,1963-05-01,2023-04-15,cherylrobinson@example.com
78,Alexander,5,2,1959-02-17,2019-09-24,katherinesalazar@example.net
79,Ruben,6,2,1978-07-01,2022-11-27,lauraterry@example.net
80,Sherri,1,3,1960-11-06,2017-10-07,thomaslong@example.org
81,Linda,1,3,1992-09-27,2014-12-16,levybarbara@example.com
82,Crystal,2,1,1956-08-24,2021-04-04,walkertimothy@example.com
83,Lisa,6,2,1975-02-02,2015-02-22,cesar27@example.org
84,Michelle,2,1,1981-10-31,2021-07-15,lopezkaitlyn@example.net
85,Christina,0,1,1963-11-13,2018-12-18,nwilson@example.net
86,Bradley,0,3,1975-03-09,2014-11-16,brandy38@example.com
87,Samantha,1,1,1983-06-15,2014-05-02,keykevin@example.net
88,Sarah,3,4,1970-09-11,2021-12-16,charlesmorales@example.com
89,Madison,1,3,1994-01-04,2017-06-30,janice07@example.org
90,Devin,2,4,1972-07-12,2018-04-04,lindseysheppard@example.org
91,Patricia,4,2,1971-05-21,2014-07-03,jroy@example.com
92,Gloria,2,2,2000-01-16,2021-09-26,qmorgan@example.org
93,Scott,4,4,1974-07-10,2015-11-09,debrajensen@example.com
94,Joseph,4,2,1993-02-16,2020-05-04,andrewsrandy@example.net
95,Sherri,0,4,1976-04-04,2018-11-18,melissayoung@example.org
96,Heather,4,4,1958-12-12,2016-04-15,orramy@example.net
97,Jennifer,6,2,1990-03-13,2020-08-31,paula34@example.com
98,William,2,0,1976-07-07,2017-01-07,rachel23@example.org
99,David,6,1,1967-05-12,2015-09-08,valentinerachael@example.com
100,Raymond,4,2,1978-03-20,2016-11-09,amandaschmidt@example.net
101,Benjamin,4,2,1978-02-08,2014-11-05,toddbrian@example.org
102,Robert,1,1,1974-04-26,2019-09-06,shieldsmelissa@example.net
103,Richard,6,4,1998-01-19,2023-01-10,lmurray@example.org
104,Jeffrey,0,0,1992-03-06,2015-04-15,johnsonkim@example.net
105,Phillip,6,2,1975-10-18,2015-06-25,christophersims@example.com
106,Brian,3,2,1967-11-21,2022-04-02,cookaaron@example.com
107,Maria,1,4,1960-05-07,2023-10-24,simsjeffrey@example.org
108,Brittany,4,0,2003-02-12,2015-10-11,dharris@example.net
109,Brittany,1,1,2004-07-09,2017-12-31,christophercallahan@example.com
110,Natalie,2,3,1965-09-03,2022-12-20,jmendoza@example.org
111,Donna,4,1,1969-05-03,2022-08-09,iwatkins@example.org
112,Derek,5,1,2000-12-11,2016-01-13,michellevasquez@example.net
113,Jonathan,2,3,1997-09-01,2019-09-08,johnsonpaige@example.com
114,Leslie,3,3,1979-01-30,2018-02-04,martinezchristian@example.com
115,Monica,1,1,1992-09-29,2023-09-30,sabrina35@example.net
116,Donna,5,3,1988-03-07,2020-10-01,ycain@example.net
117,Lauren,4,0,1991-04-16,2021-04-18,michelle57@example.net
118,Shannon,0,4,1972-06-29,2016-02-19,andrew04@example.org
119,Marcus,2,0,1992-06-27,2022-11-22,sue95@example.net
120,David,2,1,1984-06-21,2019-05-02,estradaandrea@example.com
121,Grace,0,3,1971-04-13,2023-01-11,gregory67@example.com
122,John,3,4,1972-12-01,2019-03-01,jodiroberts@example.com
123,Jesse,2,1,1985-11-24,2021-06-17,petertran@example.net
124,Carol,1,0,1975-03-10,2018-04-16,chernandez@example.net
125,Howard,2,4,1966-01-26,2019-08-21,zjohnson@example.com
126,Jon,2,3,1955-08-13,2020-10-13,xpugh@example.org
127,Taylor,5,2,1989-12-21,2023-10-24,ortizkatie@example.net
128,Gary,5,0,2000-02-12,2018-10-26,lewisdennis@example.net
129,Peter,5,0,1958-02-05,2018-07-18,ewilson@example.net
130,Renee,1,0,1995-10-28,2021-10-14,hbraun@example.net
131,Kathryn,1,3,1975-03-22,2014-10-24,paulerickson@example.net
132,Tammy,4,0,1984-09-25,2022-11-09,douglas42@example.com
133,Michael,4,4,1964-03-14,2015-05-09,elizabethbailey@example.org
134,Kelsey,1,3,1986-06-05,2021-06-04,rebecca69@example.net
135,Jake,0,2,1995-10-03,2018-09-07,april69@example.com
136,Samantha,1,0,1969-10-25,2018-05-23,anthony72@example.com
137,Jesse,5,1,1987-08-02,2016-10-21,barnesmatthew@example.com
138,Courtney,1,3,1992-08-15,2019-07-08,daniellejames@example.com
139,Amber,0,3,1992-12-05,2021-04-11,fsmith@example.com
140,Amy,4,4,1983-03-17,2022-03-17,clayton26@example.org
141,Mary,0,2,1960-08-19,2023-03-06,gillespiemichael@example.com
142,Robert,2,2,2004-08-11,2021-10-02,jessica10@example.com
143,Catherine,1,0,2003-10-26,2015-01-22,starkrebecca@example.net
144,Kayla,3,0,1964-09-28,2016-10-30,russell57@example.org
145,Jacob,1,4,1968-10-05,2015-06-11,jessica72@example.org
146,Adam,5,1,1974-05-22,2014-05-10,griffinjohn@example.com
147,Cheryl,6,4,1952-11-11,2022-10-04,michael71@example.net
148,Alyssa,2,1,1982-05-29,2020-09-20,deborahjoseph@example.org
149,Martin,5,4,1967-01-30,2018-12-23,geraldlee@example.org
150,Cynthia,3,0,1957-07-26,2018-05-28,kristitorres@example.net
151,Christopher,3,4,1991-06-30,2017-01-10,thompsonmelissa@example.com
152,Jennifer,1,1,1991-10-27,2022-12-24,thomas15@example.net
153,Sarah,5,1,1987-01-13,2014-10-12,brandon86@example.org
154,Christopher,5,3,1976-03-28,2017-06-24,simpsonjoseph@example.com
155,Kimberly,5,4,1995-09-21,2018-03-13,phillipslaura@example.net
156,Jonathan,4,4,1955-12-06,2017-04-16,ryan35@example.net
157,Bailey,6,0,1996-02-29,2017-05-28,vangjoseph@example.com
158,Jamie,1,1,1970-10-06,2017-10-04,clarkcarolyn@example.org
159,Tony,3,1,2002-08-30,2015-12-05,lanerichard@example.net
160,Victor,6,0,1973-08-02,2018-07-25,johnnybrown@example.net
161,Tina,4,3,2003-03-15,2023-04-27,jameszimmerman@example.org
162,Jill,3,2,1971-02-01,2016-01-03,eatonjeffery@example.org
163,Alicia,1,2,1991-01-09,2021-03-23,michael29@example.net
164,Rodney,6,0,1964-03-26,2018-03-28,saundersbrian@example.com
165,Ryan,3,3,1955-09-01,2018-02-26,jamiemathis@example.net
166,Cameron,1,0,1976-11-27,2023-07-01,amandaspencer@example.net
167,Jennifer,1,1,1999-04-17,2015-12-01,monicalee@example.org
168,Kathy,4,1,1955-07-23,2022-06-13,youngstephanie@example.com
169,Shari,6,1,1979-06-08,2014-06-21,meltoncassandra@example.org
170,Yesenia,5,0,1973-02-10,2020-04-01,gibsonchristopher@example.org
171,Danielle,0,3,1990-12-21,2018-03-01,eramos@example.com
172,Anita,4,0,1959-11-05,2018-03-26,cheryl85@example.net
173,Shane,0,1,1991-07-30,2014-03-23,nicolevalenzuela@example.net
174,Daniel,5,0,1987-08-09,2021-12-29,jane93@example.net
175,Raymond,2,1,1957-06-02,2021-04-05,morgancindy@example.com
176,Kelsey,1,1,1959-08-25,2017-09-24,jroberts@example.org
177,Ryan,3,3,1972-05-12,2019-01-04,vscott@example.com
178,Jesse,6,1,1956-04-24,2016-02-07,jenniferhumphrey@example.com
179,Pamela,4,4,1981-01-09,2019-09-23,etownsend@example.com
180,Sandra,1,2,2001-02-04,2015-08-23,olee@example.com
181,David,5,1,1962-08-19,2019-06-22,emily58@example.com
182,Carol,0,0,1995-10-01,2015-11-11,kenneth28@example.net
183,Daniel,1,3,1979-02-22,2021-09-09,yjackson@example.com
184,Matthew,4,1,1990-10-06,2022-01-07,kendrapreston@example.net
185,Ashley,3,4,1996-08-02,2016-11-25,glennjean@example.org
186,Tara,5,1,1967-08-23,2014-04-28,kathleen10@example.net
187,Dawn,0,1,1992-02-16,2017-06-16,blairrebecca@example.org
188,Justin,0,1,1984-04-07,2015-11-25,carolinewoodward@example.com
189,Megan,3,4,1994-09-19,2018-12-24,douglas91@example.org
190,Donald,1,4,1963-01-08,2020-06-29,hclark@example.net
191,James,3,1,1977-02-15,2017-07-15,qwhitaker@example.net
192,Marvin,6,4,1994-11-10,2019-10-04,lperez@example.com
193,Jerry,4,4,1987-04-19,2017-05-11,harrisdenise@example.net
194,Alicia,3,4,1968-12-10,2020-02-05,howellshelly@example.org
195,Joseph,6,4,1971-09-05,2017-03-25,henryjohn@example.com
196,Duane,6,1,1984-10-09,2015-12-03,todd03@example.com
197,Timothy,0,4,1978-10-19,2018-11-18,lauragoodwin@example.org
198,Brent,2,1,1956-03-25,2014-10-13,breyes@example.org
199,Jonathan,0,2,1953-10-02,2017-01-15,ryanshelton@example.net
200,Melanie,3,2,1960-05-18,2019-07-12,debra28@example.org
201,Cheryl,1,4,1968-12-05,2023-06-05,gordonanthony@example.com
202,Jesse,2,4,1981-08-12,2023-03-21,paynekayla@example.org
203,Jason,4,3,1979-03-27,2020-12-02,mlevy@example.org
204,Matthew,1,1,1984-08-25,2023-03-18,kleinbrandon@example.net
205,Anthony,6,1,1955-06-28,2020-01-05,pberry@example.net
206,Jonathan,2,4,1990-08-29,2017-01-01,wadejustin@example.org
207,Nancy,5,4,1975-02-14,2016-03-07,courtney54@example.com
208,James,1,0,1958-01-10,2019-05-30,mendozalindsey@example.com
209,Shelley,6,4,2003-07-24,2018-06-16,chavezglenda@example.org
210,Christopher,2,1,1955-08-09,2017-10-07,mgillespie@example.net
211,Brian,6,1,1963-04-18,2022-07-24,gabriel93@example.net
212,David,3,2,1998-12-04,2018-12-22,sarah82@example.org
213,Mary,4,0,2001-08-06,2018-02-20,lnelson@example.net
214,Deborah,3,1,1977-05-15,2016-12-13,smithbrenda@example.org
215,Christina,3,2,1983-06-07,2019-04-30,rebeccawalker@example.net
216,Nancy,2,2,1974-02-09,2018-09-30,williamkeller@example.net
217,Anthony,3,1,1991-01-29,2023-03-31,murrayfrank@example.com
218,Lisa,6,4,1976-06-09,2018-09-11,chelsea21@example.com
219,Renee,0,2,1967-09-19,2016-03-13,cwiggins@example.org
220,Karen,5,4,1978-12-25,2015-08-04,rneal@example.org
221,Donna,5,1,1982-10-02,2021-09-21,davismary@example.org
222,Ashley,1,2,1978-10-16,2014-04-20,obeck@example.org
223,Deborah,3,1,1972-08-16,2014-09-14,amber17@example.net
224,Jesse,2,4,1984-01-30,2019-09-04,hparks@example.org
225,Hannah,1,4,1984-05-23,2021-10-07,adamhenry@example.net
226,Kayla,4,2,1994-05-25,2023-06-06,zdalton@example.net
227,Michelle,0,4,1969-06-03,2015-11-14,stephanierivera@example.net
228,Grant,3,4,1960-03-29,2022-01-10,kevin81@example.net
229,Mary,6,4,1976-10-13,2018-08-11,melissamedina@example.org
230,Kevin,4,0,2001-08-27,2021-07-26,amber04@example.net
231,Angela,3,1,1987-06-15,2018-06-04,gravesjulie@example.net
232,Haley,2,2,1981-12-18,2020-02-12,abigailkeller@example.org
233,Charles,2,1,1955-05-20,2023-10-08,shaun20@example.org
234,Ryan,3,0,1978-08-29,2015-06-11,tammy50@example.net
235,Harry,0,3,1983-02-09,2020-09-04,xmartinez@example.com
236,Jermaine,1,0,1999-05-06,2013-11-28,burchlindsey@example.org
237,George,0,0,1977-08-16,2014-01-28,sheilahays@example.com
238,Jenna,1,2,1955-06-10,2017-10-26,kevinmarquez@example.org
239,Keith,4,1,1993-04-16,2018-08-30,ericbennett@example.com
240,Ashley,3,3,1999-07-02,2015-08-26,jmcclain@example.org
241,Michael,4,4,1995-11-13,2023-10-05,james27@example.org
242,Patricia,4,0,1988-07-23,2018-11-04,xgonzalez@example.net
243,Christian,1,3,1953-01-30,2021-03-24,david42@example.com
244,Duane,6,0,1979-10-05,2018-12-19,kevin97@example.net
245,Nathan,3,2,1994-12-17,2022-01-01,amccoy@example.com
246,Donald,0,0,1996-12-09,2015-03-09,alison32@example.net
247,Sean,2,3,1994-04-22,2019-04-09,lori94@example.com
248,Nicole,1,2,1985-03-29,2019-09-04,thomas03@example.com
249,Nicole,5,0,1988-04-15,2022-09-02,tyler93@example.com
250,Nathan,5,3,1967-06-17,2020-11-09,christopherlane@example.com
251,Charles,1,0,1995-08-30,2017-12-25,vspencer@example.com
252,Carol,2,1,1963-03-25,2019-11-03,danielrivas@example.org
253,Lisa,3,3,1989-08-25,2014-09-25,ronaldandrews@example.org
254,Heidi,4,0,1985-04-05,2017-05-16,allensmith@example.com
255,Tiffany,1,4,2001-01-15,2016-02-28,lopezmichelle@example.net
256,Tiffany,0,1,2002-05-26,2016-07-14,dswanson@example.net
257,Jacob,1,0,1997-10-19,2014-09-09,lisanovak@example.com
258,Matthew,4,0,1966-02-16,2014-09-05,autumnmoyer@example.com
259,Samantha,4,0,1997-08-20,2021-05-21,jeremycantu@example.net
260,Phyllis,3,3,1965-12-26,2016-01-28,jmcgrath@example.org
261,Lisa,4,1,1965-10-07,2014-01-11,littleerik@example.net
262,Erica,0,2,1998-03-28,2017-08-21,cookeabigail@example.net
263,Kimberly,2,3,1962-05-09,2022-01-17,zaguilar@example.net
264,Christine,2,1,1989-05-12,2022-02-16,adriana07@example.org
265,Jeremy,1,0,1957-10-14,2013-12-07,bryantivan@example.net
266,Rebecca,0,0,2002-05-06,2019-04-15,umclaughlin@example.com
267,Gabrielle,0,3,1995-04-20,2020-01-27,taylorchristopher@example.net
268,Tara,6,0,1955-03-20,2018-02-27,frenchallison@example.com
269,Christopher,1,0,1961-02-19,2020-03-10,savagedillon@example.net
270,Nicholas,3,3,1985-10-28,2021-07-14,shelby87@example.net
271,Robin,6,3,1979-07-15,2014-12-23,pricemegan@example.org
272,Paul,2,4,1976-12-02,2016-01-02,cpeterson@example.com
273,Debbie,3,2,1991-01-18,2022-09-12,jonesmegan@example.com
274,Tina,4,3,1996-07-02,2023-02-26,garciadevon@example.org
275,Mary,6,3,1959-09-22,2015-06-20,rspencer@example.com
276,Brandon,4,3,1984-04-09,2016-10-30,lindsey61@example.com
277,Joshua,4,4,1984-01-26,2017-02-26,jamesowens@example.com
278,Steven,0,3,1981-10-09,2018-08-26,heatherbrennan@example.net
279,David,4,1,1991-10-14,2017-06-04,padkins@example.org
280,Jason,2,4,2001-09-17,2017-10-12,newmanmegan@example.com
281,Anthony,1,3,1962-05-07,2018-05-04,megangonzales@example.net
282,Tony,0,3,1980-12-06,2017-12-23,nthompson@example.net
283,Norma,4,3,1999-04-22,2022-12-14,turnercarolyn@example.net
284,Lawrence,4,4,1974-02-10,2019-01-21,jennifer79@example.org
285,Megan,0,0,1977-08-11,2021-12-01,katherine07@example.org
286,Michelle,1,3,1999-08-05,2014-04-05,bowmanwendy@example.net
287,Tony,5,3,1958-03-01,2021-07-13,mlee@example.net
288,Matthew,4,3,1990-06-30,2016-07-13,craigkayla@example.org
289,Amanda,2,0,2005-10-06,2017-12-27,brandonflores@example.org
290,Joseph,2,0,1969-01-21,2016-01-26,becky66@example.net
291,Misty,1,3,1990-12-19,2019-06-11,fbaker@example.net
292,Jason,5,4,2004-04-24,2018-09-16,brenda84@example.net
293,Norman,4,3,1964-02-04,2016-11-22,derek02@example.com
294,Jean,0,0,2001-06-14,2018-10-23,mcdanieldorothy@example.net
295,Leah,3,3,1978-01-12,2021-06-29,whitejody@example.net
296,Gregory,0,2,1960-07-06,2016-08-31,margaret73@example.com
297,Craig,2,4,1962-04-09,2015-12-14,thomasmeagan@example.org
298,Victoria,4,4,1997-12-22,2016-07-30,johnriggs@example.org
299,Matthew,5,3,1953-10-26,2017-10-09,danielphillips@example.com
300,Tina,3,3,1962-11-22,2022-05-27,amanda85@example.org
301,James,6,2,1989-04-28,2021-12-19,nicole09@example.net
302,Melissa,5,4,1990-12-20,2021-02-02,mosleyjennifer@example.net
303,Kelsey,1,4,1985-07-19,2017-05-31,ginawalker@example.net
304,Tristan,0,1,1956-09-16,2014-12-28,brandonwilliams@example.net
305,Alyssa,6,4,1983-01-22,2021-12-09,reyesblake@example.org
306,Louis,2,3,1967-09-02,2023-08-15,ryannicholson@example.net
307,Megan,1,0,1997-06-25,2022-09-22,katherine29@example.com
308,Kathleen,6,1,1969-12-27,2014-04-05,branchnicholas@example.org
309,Megan,4,4,1961-10-26,2022-09-05,joseph18@example.com
310,Jason,3,2,1989-04-05,2023-07-25,zjones@example.com
311,Amy,4,4,1973-06-14,2016-01-07,careyjohn@example.org
312,Teresa,4,2,1976-03-15,2014-12-09,trivera@example.net
313,Darren,5,2,1985-02-16,2016-02-28,kimbeck@example.net
314,Melissa,2,2,1977-03-05,2022-03-10,elizabethcoffey@example.org
315,Megan,1,4,1960-01-02,2016-02-24,smurphy@example.com
316,Joshua,6,0,1961-04-22,2020-12-14,melissagonzalez@example.org
317,John,3,0,1986-09-28,2018-11-02,jason53@example.com
318,Tracy,3,4,1964-06-21,2014-01-11,pamelagonzalez@example.org
319,Andrew,0,0,1980-09-16,2021-04-16,kimberly16@example.com
320,Alyssa,2,1,1968-07-12,2018-05-01,ashleyjohnson@example.com
321,Leah,3,1,1961-12-05,2015-03-13,judith91@example.org
322,Fernando,1,3,1987-10-22,2019-06-28,william70@example.com
323,Mark,3,2,2001-10-09,2023-05-12,shawnascott@example.org
324,David,2,2,1988-09-15,2016-02-27,danielleturner@example.net
325,Kathryn,6,0,1982-05-08,2022-07-29,gsimpson@example.org
326,Jeffery,0,0,1961-11-10,2014-12-24,stephen21@example.com
327,Christopher,6,4,1998-04-01,2021-11-05,richard92@example.com
328,Mark,5,4,1965-08-13,2016-02-13,acopeland@example.net
329,Adam,2,3,2004-05-07,2015-11-09,kmiller@example.com
330,Michelle,3,2,1989-04-07,2017-10-08,longjessica@example.net
331,Ashlee,5,4,1960-08-17,2021-01-17,erinboyd@example.com
332,Cindy,3,1,1999-05-04,2017-10-10,jennifer28@example.net
333,Joseph,1,2,1959-02-24,2023-06-19,brownmatthew@example.com
334,Benjamin,3,2,1962-03-02,2016-08-02,tammycrawford@example.net
335,Anna,5,4,1982-06-24,2018-05-19,tim07@example.com
336,Renee,1,1,1965-07-21,2014-05-02,abigail41@example.com
337,Larry,4,2,1970-08-10,2020-09-08,robertskelly@example.com
338,Nicholas,1,2,1976-09-02,2018-04-29,smoore@example.com
339,David,0,0,1996-03-23,2021-01-25,jodibennett@example.net
340,Christina,2,0,2001-11-23,2015-06-02,fgreene@example.com
341,Manuel,0,4,1961-06-06,2014-08-07,cjimenez@example.net
342,Jeffrey,4,0,1976-10-13,2020-10-17,joshua40@example.com
343,Bradley,3,1,1984-07-05,2021-05-06,calderonregina@example.org
344,Steven,1,4,2004-11-29,2016-02-11,mkelley@example.org
345,Earl,4,4,1984-02-14,2015-02-22,kimjackson@example.com
346,Michele,5,3,1989-01-21,2014-06-30,johnsonfrederick@example.net
347,John,2,3,2002-12-20,2023-06-10,howellalice@example.net
348,Jeffrey,2,4,1970-09-17,2018-09-19,walkersabrina@example.com
349,Jessica,6,2,2001-09-07,2014-07-13,hughesgeorge@example.com
350,Anne,0,3,1980-11-23,2014-10-23,dmullins@example.com
351,Stephanie,2,2,1960-06-21,2015-01-01,donald70@example.org
352,Brian,1,4,2005-08-18,2019-07-15,zsmith@example.org
353,Michelle,3,1,1956-12-11,2016-10-05,hendrixbrittney@example.org
354,Nathaniel,3,0,1985-10-10,2023-07-31,ariana10@example.org
355,Linda,4,4,1969-05-13,2021-01-31,ljohnston@example.org
356,Ryan,0,1,1956-07-01,2018-06-23,christopher39@example.org
357,Samantha,2,3,1982-07-07,2017-05-12,zbond@example.com
358,Bryan,1,0,2002-07-22,2020-11-16,david96@example.org
359,Gary,1,3,1999-05-24,2016-08-02,barbara27@example.net
360,Ronald,1,2,1975-05-27,2014-09-05,rmcclure@example.com
361,Kristen,4,1,1960-07-01,2021-08-24,johnsmith@example.net
362,Ricardo,4,1,1958-12-25,2019-05-31,gwhite@example.com
363,Jeremy,2,0,1978-03-31,2017-06-14,tdalton@example.com
364,Matthew,2,3,1966-01-28,2016-06-22,melissasmith@example.com
365,Melinda,2,4,1953-10-09,2022-12-11,elizabeth87@example.com
366,Carolyn,6,3,1990-08-30,2022-12-04,browndaniel@example.org
367,Cody,1,1,1977-06-20,2017-08-30,masonlopez@example.com
368,Reginald,5,0,2001-10-14,2015-06-14,conraddiana@example.org
369,Sylvia,0,0,1985-09-08,2014-07-29,jnelson@example.com
370,Juan,5,4,2005-05-10,2019-04-27,angelicamorales@example.net
371,Teresa,6,1,1960-04-09,2018-05-16,tiffanymcpherson@example.net
372,John,6,0,1998-04-10,2021-12-29,sethpotter@example.org
373,Walter,5,1,1966-07-19,2022-01-26,amandajones@example.net
374,Mary,5,4,1957-02-07,2016-08-03,lopeztyler@example.net
375,William,4,1,1971-06-28,2023-01-27,fwoodard@example.com
376,Jamie,3,3,1982-12-12,2015-09-23,robin89@example.org
377,Daniel,4,4,1975-02-23,2015-11-04,singhcheyenne@example.com
378,Elizabeth,3,0,1986-07-31,2016-10-31,ytaylor@example.org
379,Nicholas,5,3,1996-04-15,2019-05-12,vanessaharris@example.org
380,Daniel,4,0,1955-10-05,2016-05-10,llynch@example.net
381,Jeanette,2,2,1957-06-12,2019-02-15,brooksashley@example.com
382,Connie,4,0,1977-12-31,2022-11-02,christopher43@example.net
383,David,1,4,1972-04-29,2018-09-23,teresa14@example.net
384,Catherine,1,1,1995-06-14,2016-06-27,brenda75@example.org
385,Linda,3,1,1980-11-05,2015-07-14,scott63@example.org
386,Clinton,2,0,1964-11-08,2023-10-04,jonesheather@example.org
387,Rachael,6,4,2002-07-16,2019-02-01,sherri87@example.org
388,Thomas,2,3,1965-02-10,2020-07-25,carternicole@example.com
389,Mary,2,3,1989-04-27,2023-04-14,tara57@example.net
390,Patrick,3,1,1961-06-02,2016-03-15,tina21@example.net
391,Holly,4,0,1993-03-14,2017-08-03,jdavis@example.net
392,Jason,1,1,1963-03-09,2021-04-29,vhorton@example.org
393,Edward,6,2,1992-05-27,2019-12-19,clarkpatrick@example.com
394,Jonathan,1,3,1996-11-24,2016-04-11,cannonkelly@example.net
395,Tricia,5,4,1978-06-07,2022-11-19,twilliams@example.net
396,Lindsay,1,3,1972-06-26,2022-10-02,jenny54@example.org
397,Bryan,4,4,1965-08-23,2014-01-02,emiller@example.net
398,Daniel,3,3,1954-07-30,2015-01-20,jeremy52@example.org
399,Michael,6,0,1998-12-06,2015-06-21,kathysantos@example.org
400,Donald,1,3,1968-11-14,2017-06-04,gallagherjoshua@example.net
401,Wendy,0,3,1985-04-26,2022-06-15,elizabeth91@example.org
402,Darrell,6,3,1998-01-07,2019-11-25,cjohnson@example.org
403,Heather,3,2,1990-09-17,2013-11-07,ashley04@example.org
404,Brent,5,2,1971-09-11,2020-03-05,bgallegos@example.org
405,Kelly,6,3,1998-05-10,2019-04-03,desiree11@example.net
406,Alexander,5,2,2001-07-12,2016-01-06,pfrancis@example.org
407,Jonathan,1,2,1991-08-01,2020-04-02,salazarmichael@example.net
408,Amanda,5,0,1959-09-18,2017-12-11,heathernoble@example.org
409,Maurice,0,1,1962-11-14,2019-01-18,myersjeffrey@example.org
410,Michelle,3,3,1961-05-28,2019-07-14,imunoz@example.com
411,Molly,2,1,1953-09-05,2020-04-21,jacobsonraymond@example.com
412,Kenneth,0,1,1963-11-09,2022-01-25,mooreemily@example.org
413,Joseph,1,0,1954-11-19,2017-02-24,laura24@example.org
414,Donna,4,4,1982-11-18,2014-11-17,bentonthomas@example.net
415,Malik,4,2,1959-06-23,2018-04-14,benjamintrevino@example.net
416,Jessica,0,0,1960-12-26,2023-03-16,deanblake@example.org
417,Lisa,0,3,1963-07-09,2016-09-21,nadkins@example.org
418,Carlos,0,1,1963-07-07,2021-05-05,pcross@example.net
419,Kevin,6,2,1978-10-12,2020-03-18,rebecca94@example.com
420,Shannon,1,3,1954-09-08,2023-06-14,rallen@example.net
421,Andrew,0,2,1990-10-26,2015-11-05,castillotodd@example.com
422,Melanie,0,2,2003-06-06,2017-10-30,richardmorales@example.com
423,Victoria,2,4,1980-05-27,2017-07-09,bensonamanda@example.net
424,Timothy,2,1,2005-04-23,2023-04-02,zachary40@example.org
425,Thomas,1,2,1974-10-13,2015-12-28,josephwalters@example.com
426,Haley,3,2,1965-07-28,2022-09-01,anthony59@example.net
427,Terri,4,0,2003-02-22,2019-09-18,kimberlyhopkins@example.com
428,Rebecca,1,2,1955-04-12,2022-08-13,dmcgee@example.org
429,Lauren,6,0,1990-09-28,2015-03-19,reginaldsosa@example.com
430,Sarah,4,0,1968-05-14,2022-11-21,susan91@example.org
431,Joseph,1,0,2001-09-21,2017-12-18,joseph78@example.net
432,Shannon,6,3,1953-11-01,2020-01-18,ashleyphillips@example.com
433,Amanda,0,2,1967-10-27,2018-03-06,robingonzalez@example.com
434,Daniel,5,2,1965-12-02,2021-03-30,sdennis@example.net
435,Barry,0,0,1953-05-18,2018-06-12,mackmitchell@example.org
436,Jason,4,2,1997-01-15,2022-06-22,lmarsh@example.com
437,David,4,2,1959-02-27,2022-07-26,tfitzgerald@example.com
438,Daniel,4,4,1994-10-16,2018-03-23,erodriguez@example.com
439,Kenneth,3,1,1968-01-11,2015-12-12,lawrence55@example.org
440,Randall,4,4,1967-02-10,2017-03-28,lisa60@example.com
441,Brandy,5,3,1969-08-18,2017-07-03,hgonzalez@example.com
442,Lisa,2,1,1992-01-19,2016-02-22,petersrenee@example.net
443,Marissa,1,4,1985-12-23,2020-05-02,turnerelizabeth@example.org
444,Eric,2,3,1986-12-01,2021-05-16,trevinomatthew@example.com
445,Kristen,0,4,1991-04-11,2016-12-05,jorge30@example.net
446,Kara,5,4,1980-08-14,2017-08-31,hmartinez@example.com
447,Madeline,3,0,1972-05-14,2016-12-06,smithkevin@example.com
448,Kara,4,4,1957-03-16,2022-02-12,caitlin32@example.com
449,Lisa,4,0,1992-04-23,2022-05-29,heathermccall@example.org
450,Sylvia,4,0,1963-03-28,2020-03-05,heidijones@example.com
451,Stephen,2,1,1953-04-17,2016-02-29,douglas71@example.com
452,Emma,6,2,1968-05-29,2015-03-02,jessica52@example.org
453,Kenneth,5,0,2002-12-14,2016-01-30,brooksgail@example.com
454,Catherine,3,1,1974-07-31,2015-07-03,ronaldsaunders@example.org
455,Erica,4,1,1961-09-07,2015-11-25,ashley92@example.org
456,Jason,6,0,1989-10-03,2019-05-17,marcus25@example.com
457,Patricia,3,4,1980-12-01,2023-06-09,nathanielanderson@example.com
458,Theresa,2,2,1988-01-09,2019-08-31,sharonmoon@example.org
459,Yolanda,2,3,1982-07-07,2023-01-16,ycooper@example.net
460,Lydia,5,1,1991-03-02,2015-06-22,sarah25@example.com
461,William,5,2,1972-01-01,2023-01-26,cookpamela@example.com
462,William,4,0,1961-07-11,2019-07-04,kennethhenson@example.org
463,Carla,2,4,1954-05-26,2018-03-01,katrina95@example.org
464,Ashley,2,3,1966-09-04,2019-01-17,dpatel@example.com
465,Alicia,0,1,1992-01-16,2016-11-02,nrichard@example.org
466,Emma,3,0,1988-11-01,2014-04-30,dstanton@example.com
467,Jeremiah,6,1,1956-12-18,2016-04-28,sarah65@example.net
468,Charles,1,0,1971-08-16,2021-12-13,johnsonjoy@example.net
469,Shelia,2,1,1986-09-29,2019-02-02,laurie44@example.net
470,Ryan,1,3,2000-08-20,2015-08-29,johnsoncharles@example.org
471,Jacqueline,0,0,1986-03-20,2017-01-14,austinhardy@example.com
472,Andrew,6,2,2003-10-19,2014-07-13,gloria60@example.net
473,Kayla,2,1,1956-05-16,2014-02-14,jonathan83@example.com
474,Scott,6,3,1996-04-09,2020-12-15,jose26@example.org
475,Adam,3,3,1972-04-25,2018-07-12,boydjoshua@example.net
476,Megan,3,4,1997-06-02,2019-07-04,james40@example.com
477,Stephen,4,1,1980-08-25,2019-09-02,qandrews@example.net
478,Jesus,3,2,1960-04-28,2017-06-14,pattersonjoseph@example.org
479,Benjamin,3,0,1965-05-20,2022-03-05,taylorrachel@example.com
480,Elizabeth,0,1,1963-09-15,2020-10-17,tuckerstacy@example.com
481,Daniel,1,0,1974-12-15,2017-04-28,hernandeznicole@example.org
482,Christopher,5,4,1974-06-28,2022-06-08,rachelingram@example.org
483,Marie,2,1,1957-04-26,2016-04-08,reesealexis@example.com
484,Jordan,4,1,1966-08-02,2015-12-03,spencermark@example.net
485,Phillip,2,2,1982-04-09,2022-07-23,clarkrandy@example.net
486,Andrew,5,4,1987-10-06,2022-01-19,sarapatterson@example.com
487,Antonio,0,0,1989-10-02,2016-02-26,williamsgregory@example.org
488,Michael,1,3,2002-08-19,2016-12-11,stephensdawn@example.net
489,Paul,4,1,1993-03-05,2015-12-12,kevinbanks@example.net
490,Nicholas,0,1,1988-09-23,2018-07-18,ktorres@example.org
491,Samantha,5,4,1986-04-27,2017-01-17,donna45@example.org
492,Javier,6,3,1992-01-24,2019-02-14,christinesullivan@example.net
493,Jason,0,1,2004-07-07,2022-06-15,wallacejonathan@example.org
494,Charles,1,0,1961-07-26,2015-11-30,ihutchinson@example.net
495,Michael,2,0,1967-03-13,2017-02-25,andersonvicki@example.com
496,Sharon,4,1,1997-10-27,2020-10-05,hooddaniel@example.net
497,John,5,0,1961-06-14,2013-11-29,connerbrian@example.net
498,Amber,3,0,1963-08-28,2022-04-11,leebrian@example.com
499,Daniel,6,4,1968-08-15,2023-07-03,chandlertasha@example.net
500,Susan,0,2,1973-11-16,2022-03-20,ibrock@example.net
501,Robert,2,2,1992-08-10,2020-08-13,ortegamelinda@example.org
502,Amy,1,0,1997-05-07,2016-08-15,smithmichael@example.net
503,Charlene,3,1,1980-04-24,2020-12-25,david46@example.com
504,Alison,1,1,1985-02-09,2019-09-26,cookkatelyn@example.org
505,John,3,0,1990-02-23,2016-09-02,gina09@example.com
506,Melissa,2,3,1977-09-06,2019-11-25,hendersonnicholas@example.org
507,Kenneth,1,1,1975-11-09,2014-01-08,markwilson@example.com
508,David,1,1,2003-05-30,2021-05-02,joshuagrant@example.net
509,Wendy,6,2,1959-09-24,2021-08-18,jjackson@example.com
510,Jason,6,1,1966-04-15,2014-09-23,jacqueline41@example.com
511,Samantha,1,3,1982-10-18,2013-12-26,griffithjessica@example.net
512,Luis,0,1,1986-06-20,2017-05-13,eacosta@example.com
513,Michaela,2,0,1989-11-01,2021-01-22,amanda91@example.org
514,Laura,5,4,1976-07-11,2015-04-15,aduran@example.com
515,Ashley,5,4,2000-03-02,2022-09-19,bhaney@example.org
516,Nicole,6,4,1965-06-20,2023-10-26,rodriguezbenjamin@example.com
517,Thomas,0,4,1987-12-23,2015-04-01,michael43@example.org
518,Steven,3,0,1970-03-24,2022-10-20,james77@example.net
519,Eric,3,0,1963-01-03,2018-10-22,williamsrachel@example.com
520,Jacob,6,0,1975-05-09,2021-01-22,uanderson@example.com
521,Jeffrey,3,4,1988-07-15,2013-11-25,hannahkent@example.net
522,Katie,4,2,1983-09-20,2023-03-24,christophercannon@example.net
523,Tony,2,3,1953-05-17,2023-02-25,brandon16@example.net
524,Sue,4,0,1964-07-09,2016-09-21,mcdonaldlisa@example.com
525,Debra,4,2,1977-12-22,2018-03-27,jefferysmith@example.net
526,Lori,1,0,2001-05-31,2016-01-14,ahoffman@example.com
527,Dawn,3,4,2000-06-08,2020-06-15,williammartin@example.org
528,Jennifer,3,2,1956-09-02,2018-11-26,morgan79@example.org
529,Brian,5,1,1963-02-06,2022-05-09,dwheeler@example.com
530,Sarah,0,4,1965-10-27,2016-07-04,kendra44@example.org
531,Joshua,5,0,1994-09-03,2015-07-08,mackjill@example.org
532,Larry,3,2,1969-03-17,2020-02-04,amandabryant@example.org
533,Laura,3,3,1977-05-08,2020-06-18,lopezdavid@example.org
534,Brady,6,0,1978-12-19,2021-11-10,orrnatalie@example.com
535,Vanessa,1,2,1977-01-01,2017-02-20,amandarios@example.net
536,Sarah,5,1,1980-11-27,2023-07-24,qcobb@example.com
537,Jessica,0,2,1993-10-18,2020-10-31,baldwindebra@example.net
538,Jennifer,6,1,2004-04-05,2015-09-08,vrobinson@example.net
539,Roger,6,0,1954-07-11,2020-06-24,johnsteele@example.org
540,Bernard,4,0,1984-10-16,2014-10-04,edwardsteele@example.com
541,Kaylee,1,1,1996-10-04,2023-05-12,jessica34@example.com
542,Jacob,1,3,1978-04-16,2020-10-16,sdaniels@example.net
543,Jon,0,0,1994-03-29,2016-06-21,julienguyen@example.com
544,Richard,1,2,1987-06-09,2017-03-18,griffithchristina@example.com
545,Robin,6,1,1967-01-16,2018-03-28,brewerjennifer@example.net
546,Mark,6,2,1971-01-21,2023-01-02,tbrown@example.com
547,Michelle,4,2,1967-09-26,2023-04-12,williamarnold@example.net
548,Allison,2,0,1993-06-12,2023-08-14,colebrittany@example.org
549,Marie,6,4,1966-05-27,2021-03-04,pittsangela@example.net
550,Kyle,5,4,1977-12-03,2015-12-24,vstark@example.org
551,Kenneth,3,0,1990-10-07,2018-01-10,nashjason@example.com
552,Tara,2,4,1982-05-06,2018-03-24,brandon46@example.net
553,Sharon,1,0,1974-11-01,2014-07-04,stephanie09@example.org
554,Crystal,1,4,2005-05-28,2018-01-25,hartmandonald@example.org
555,Michael,3,1,1959-10-25,2022-07-01,weberpaul@example.com
556,Samantha,4,0,2003-09-29,2013-11-25,elizabethflynn@example.net
557,Jennifer,3,3,2000-02-21,2023-06-06,leahbradley@example.com
558,Christina,3,3,1968-02-16,2023-10-11,jeffreytodd@example.com
559,Christopher,0,0,1953-09-29,2017-01-29,jesse78@example.net
560,Ryan,5,3,2005-10-22,2015-11-19,bdavis@example.org
561,Elaine,1,4,1985-02-08,2023-07-08,roger57@example.com
562,Melissa,2,0,1964-07-14,2018-10-01,grahamsarah@example.net
563,Joshua,4,0,1960-07-05,2022-02-22,pattersonmanuel@example.org
564,Wendy,1,3,1994-04-05,2019-11-10,taylorvictoria@example.org
565,Michelle,3,3,1996-04-03,2018-01-16,qmiller@example.com
566,Megan,2,1,1989-08-04,2022-12-11,hmccoy@example.net
567,Douglas,1,2,2001-10-02,2021-01-04,gabriela66@example.org
568,Steven,3,4,1958-03-15,2020-12-08,sarah80@example.org
569,Shane,5,1,1990-02-25,2016-10-13,harold28@example.com
570,Brian,6,4,1970-11-24,2014-10-28,tjones@example.com
571,Robert,5,1,1953-12-02,2013-12-31,gthompson@example.org
572,Daniel,1,0,1959-06-10,2014-10-20,destinysmith@example.net
573,Amy,0,0,2002-07-08,2016-03-02,timothy97@example.org
574,Kathy,6,1,1998-10-21,2018-09-22,davidcarney@example.net
575,Jacob,2,1,1972-06-28,2019-12-09,gfletcher@example.net
576,Lisa,1,2,1985-12-07,2021-03-31,david94@example.org
577,Dawn,4,0,1953-10-02,2022-02-23,martinmelton@example.net
578,Brent,0,1,1965-10-07,2022-06-23,megan32@example.org
579,Devon,3,3,1975-11-05,2017-07-11,stevenlewis@example.com
580,Keith,6,2,1958-02-10,2019-10-30,derek42@example.net
581,John,4,2,1975-03-19,2019-08-20,elizabethhoward@example.com
582,Holly,1,2,1987-05-25,2016-02-23,lauragonzales@example.net
583,Jamie,3,1,1994-11-08,2016-07-26,ksnow@example.org
584,Gloria,4,0,1986-02-21,2022-06-14,melissacrawford@example.net
585,Jaclyn,3,1,1994-03-10,2015-06-24,davidfrye@example.net
586,Mary,3,4,1973-01-15,2016-03-25,muellerbrett@example.org
587,James,1,2,1956-03-07,2017-12-24,hsimmons@example.net
588,Ashley,3,3,1972-09-08,2021-03-26,tiffany00@example.org
589,Kevin,3,0,1978-04-29,2023-03-21,zmartinez@example.com
590,Jimmy,4,2,1975-09-28,2022-12-05,christine64@example.org
591,Ronald,5,2,1964-05-05,2020-05-21,barnesmichelle@example.net
592,Laura,6,2,2000-01-23,2015-11-05,vstone@example.org
593,Erin,4,0,1999-02-05,2018-05-27,chelseaerickson@example.org
594,Stephen,0,3,1985-09-07,2017-01-16,davidhart@example.net
595,Karla,1,1,1976-03-17,2022-04-16,tjones@example.com
596,Rachel,3,0,1969-09-05,2015-01-28,olivingston@example.net
597,Tina,1,3,2004-01-08,2020-11-30,kristinaperez@example.net
598,Darlene,2,3,1973-03-16,2018-08-01,nicholskristin@example.org
599,Edward,1,3,1996-06-22,2017-03-17,robinhale@example.org
600,Kevin,0,0,1956-07-30,2021-04-29,zlee@example.org
601,Kyle,0,1,1996-04-07,2016-05-16,fadams@example.com
602,Veronica,2,4,1997-08-10,2018-08-03,doris46@example.net
603,Michael,4,2,1985-06-01,2023-06-20,brittany63@example.net
604,Gene,4,1,1970-03-29,2015-08-12,bfisher@example.net
605,Christopher,4,1,1994-02-18,2023-10-04,martinteresa@example.com
606,Tiffany,3,1,1956-12-17,2019-06-15,cynthia69@example.com
607,Julie,2,1,2003-11-18,2020-10-30,kstanley@example.org
608,Holly,2,1,1992-11-28,2021-08-21,kennethwells@example.net
609,Danielle,1,4,1987-02-04,2018-03-20,michelle02@example.org
610,Megan,4,3,1962-05-22,2014-04-29,csalazar@example.net
611,Felicia,2,0,1959-09-20,2021-12-07,eric23@example.org
612,Morgan,1,3,1957-03-31,2016-08-13,jacksonryan@example.com
613,Andrea,4,4,1980-09-05,2018-12-02,tyrone72@example.org
614,Mark,2,0,1965-04-01,2020-10-02,jaredfisher@example.net
615,Tammy,4,4,1981-05-02,2014-07-05,kinganna@example.net
616,Thomas,3,4,1972-10-08,2013-12-14,kristina94@example.com
617,Madison,4,2,1961-09-10,2016-09-04,ahernandez@example.com
618,Ronald,4,4,1985-10-15,2018-09-16,tina38@example.org
619,Mathew,3,3,2003-09-26,2017-07-29,uchase@example.net
620,Anne,3,1,1988-02-08,2020-03-27,klinedonald@example.org
621,Linda,0,0,1981-05-14,2013-11-15,vincent71@example.org
622,Brandon,6,4,1961-11-29,2023-03-04,halvarez@example.org
623,Jeffrey,0,3,1996-05-16,2022-12-27,brooke37@example.org
624,Seth,1,4,1980-03-10,2015-01-16,bernardbennett@example.com
625,Andrea,5,1,1956-02-29,2017-08-20,xvaldez@example.org
626,Jessica,6,4,1977-12-31,2016-11-28,michael93@example.com
627,Michael,2,2,1975-11-03,2016-08-11,zbarber@example.net
628,Katherine,3,2,1974-07-03,2015-12-28,allenmiller@example.net
629,Becky,0,2,1999-02-11,2018-06-28,angela95@example.org
630,Lisa,2,3,1963-11-27,2017-10-22,elizabeth77@example.org
631,Allison,4,3,1971-04-21,2021-05-26,mcdonaldapril@example.net
632,Nathan,1,0,1999-10-15,2022-11-07,evazquez@example.org
633,Daniel,1,2,1958-10-25,2014-10-29,hallalicia@example.net
634,Michelle,6,0,2005-03-16,2021-03-05,igentry@example.com
635,Kyle,6,1,1964-09-19,2014-02-09,agarcia@example.com
636,Melissa,6,1,1962-06-25,2021-10-30,aliciawalker@example.org
637,Eric,6,0,2003-02-10,2017-09-18,snelson@example.net
638,Anna,0,2,1982-06-16,2019-05-10,lisagriffin@example.net
639,Kaitlyn,0,2,1997-05-23,2021-10-09,bhenry@example.org
640,Dawn,3,0,1993-04-25,2021-03-12,stephenmorrison@example.org
641,Kristin,1,1,1990-01-14,2014-07-19,torreskendra@example.com
642,Kathleen,2,1,1979-03-04,2020-03-29,huntjohn@example.net
643,Elizabeth,2,4,1968-01-24,2019-08-26,millerroger@example.org
644,Elizabeth,1,4,1974-07-01,2019-02-12,michael91@example.com
645,Shannon,2,2,1980-08-31,2018-06-29,nlopez@example.org
646,Gregory,1,2,1963-09-08,2019-01-17,chrisrodriguez@example.net
647,Crystal,3,1,1969-02-13,2017-05-07,bullocktammy@example.org
648,Timothy,2,0,1981-10-09,2019-11-29,christopher70@example.net
649,David,0,3,1959-12-12,2019-01-23,jon63@example.org
650,Carrie,3,1,1958-05-28,2018-11-08,patty80@example.net
651,Thomas,4,2,1977-07-19,2021-11-26,amcdaniel@example.org
652,Nathan,5,0,1972-11-30,2014-06-30,bramirez@example.org
653,Maureen,1,2,1994-11-27,2017-08-07,browncarl@example.com
654,Matthew,4,3,1982-01-10,2019-11-01,zsmith@example.net
655,Larry,0,1,1997-11-19,2018-08-30,lisaanderson@example.com
656,Stephanie,2,4,1963-04-13,2019-01-15,joycemann@example.net
657,Ashley,5,2,2002-07-24,2023-02-28,alexandra63@example.com
658,Barbara,1,2,1958-06-29,2023-02-14,jermaine15@example.org
659,Matthew,4,1,1993-09-30,2021-01-22,thomasdavid@example.org
660,Stacey,6,0,1974-12-15,2014-03-11,raymondmeyer@example.net
661,Oscar,2,4,1977-02-27,2016-10-18,robinsonmichael@example.com
662,Jennifer,0,3,1963-03-05,2015-08-02,abright@example.org
663,Travis,3,2,1985-09-04,2021-05-04,mitchellscott@example.net
664,Timothy,1,2,1984-03-01,2019-01-24,rebecca81@example.com
665,Joshua,2,0,1999-01-02,2021-06-26,joanna07@example.net
666,Vanessa,5,4,1955-01-19,2021-02-26,luke24@example.org
667,David,5,4,2002-06-02,2015-12-23,kyle70@example.net
668,Ryan,5,0,1964-09-07,2016-02-04,scottjeremy@example.net
669,Laura,0,4,1986-04-08,2017-04-04,terrellalyssa@example.com
670,Louis,5,3,2005-08-23,2023-03-23,william61@example.com
671,Justin,5,2,1993-11-06,2020-04-25,bsmith@example.com
672,Michael,6,2,1959-01-21,2020-09-30,christinaevans@example.org
673,Edward,2,3,1973-12-04,2015-03-18,zacharydouglas@example.net
674,Matthew,3,0,1997-05-22,2023-04-13,mhopkins@example.com
675,Eric,4,0,1987-03-21,2017-01-08,mary62@example.org
676,Hector,6,4,1974-07-03,2019-11-14,benjamin16@example.net
677,Juan,5,3,1967-02-23,2019-11-04,rharrison@example.com
678,Brent,5,2,1976-03-09,2022-06-23,justin64@example.net
679,Susan,6,2,1975-01-30,2015-09-22,boydalisha@example.com
680,Matthew,5,0,1978-05-28,2015-03-27,kyleballard@example.org
681,Elizabeth,0,0,1963-10-31,2013-12-09,samantha10@example.org
682,Michael,4,0,1976-06-24,2015-03-15,katherine86@example.com
683,Betty,2,3,1989-05-11,2017-06-07,jessica16@example.com
684,Philip,6,3,1971-04-03,2014-09-29,jeffreyingram@example.org
685,Robert,0,2,1953-06-16,2017-11-12,christianprice@example.com
686,Ryan,0,3,1979-06-17,2023-03-02,sara85@example.org
687,Chad,6,0,1989-07-03,2023-07-27,monique34@example.com
688,Darren,2,0,1958-09-04,2019-05-07,michael50@example.com
689,Justin,6,4,1973-06-03,2023-01-05,hannahmason@example.net
690,Evan,3,3,2004-10-07,2016-11-02,timothysanchez@example.org
691,Sheri,2,3,1986-01-06,2014-07-02,jamiemurphy@example.com
692,Meghan,1,4,1979-05-21,2023-05-02,jennifer55@example.com
693,Denise,5,2,2002-09-17,2020-04-30,zhenderson@example.org
694,Sarah,3,1,2003-09-07,2017-12-13,christine12@example.net
695,Natalie,6,0,1997-11-29,2016-05-07,michael06@example.org
696,Richard,5,4,1980-09-02,2022-10-23,heather61@example.org
697,Paul,0,4,2001-06-18,2021-02-28,cfischer@example.com
698,Amanda,5,2,2005-10-06,2022-07-06,skirby@example.net
699,Sandra,2,1,1958-10-04,2020-12-30,william70@example.org
